"0","library(here) "
"2","here() starts at /home/forteliusc/siilo/Common/R/FullMonty
"
"0","library(harp) "
"2","Loading required package: harpCore
"
"2","
Attaching package: ‘harpCore’

"
"2","The following object is masked from ‘package:stats’:

    filter

"
"2","Loading required package: harpIO
"
"2","Loading required package: harpPoint
"
"2","Loading required package: harpVis
"
"2","Loading required package: ggplot2
"
"2","Loading required package: shiny
"
"2","Registered S3 methods overwritten by 'htmltools':
  method               from         
  print.html           tools:rstudio
  print.shiny.tag      tools:rstudio
  print.shiny.tag.list tools:rstudio
"
"2","Loading required package: harpSpatial
"
"0","library(dplyr) "
"2","
Attaching package: ‘dplyr’

"
"2","The following objects are masked from ‘package:stats’:

    filter, lag

"
"2","The following objects are masked from ‘package:base’:

    intersect, setdiff, setequal, union

"
"0","library(forcats) "
"0","library(scico) "
"0","library(Rfa) "
"2","Loading required package: meteogrid
"
"0","library(stringr)"
